--
-- PostgreSQL database dump
--

\restrict a347TiK7J5Q7EEaQgU8Ejs8GnSO5dLZw7hc1W7LDsgUZFsFdonZlaJaJH8HQBhm

-- Dumped from database version 18.1
-- Dumped by pg_dump version 18.1

-- Started on 2026-02-05 23:08:32

SET statement_timeout = 0;
SET lock_timeout = 0;
SET idle_in_transaction_session_timeout = 0;
SET transaction_timeout = 0;
SET client_encoding = 'UTF8';
SET standard_conforming_strings = on;
SELECT pg_catalog.set_config('search_path', '', false);
SET check_function_bodies = false;
SET xmloption = content;
SET client_min_messages = warning;
SET row_security = off;

--
-- TOC entry 2 (class 3079 OID 16389)
-- Name: postgis; Type: EXTENSION; Schema: -; Owner: -
--

CREATE EXTENSION IF NOT EXISTS postgis WITH SCHEMA public;


--
-- TOC entry 6096 (class 0 OID 0)
-- Dependencies: 2
-- Name: EXTENSION postgis; Type: COMMENT; Schema: -; Owner: 
--

COMMENT ON EXTENSION postgis IS 'PostGIS geometry and geography spatial types and functions';


SET default_tablespace = '';

SET default_table_access_method = heap;

--
-- TOC entry 232 (class 1259 OID 17512)
-- Name: auth_group; Type: TABLE; Schema: public; Owner: postgres
--

CREATE TABLE public.auth_group (
    id integer NOT NULL,
    name character varying(150) NOT NULL
);


ALTER TABLE public.auth_group OWNER TO postgres;

--
-- TOC entry 231 (class 1259 OID 17511)
-- Name: auth_group_id_seq; Type: SEQUENCE; Schema: public; Owner: postgres
--

ALTER TABLE public.auth_group ALTER COLUMN id ADD GENERATED BY DEFAULT AS IDENTITY (
    SEQUENCE NAME public.auth_group_id_seq
    START WITH 1
    INCREMENT BY 1
    NO MINVALUE
    NO MAXVALUE
    CACHE 1
);


--
-- TOC entry 234 (class 1259 OID 17522)
-- Name: auth_group_permissions; Type: TABLE; Schema: public; Owner: postgres
--

CREATE TABLE public.auth_group_permissions (
    id bigint NOT NULL,
    group_id integer NOT NULL,
    permission_id integer NOT NULL
);


ALTER TABLE public.auth_group_permissions OWNER TO postgres;

--
-- TOC entry 233 (class 1259 OID 17521)
-- Name: auth_group_permissions_id_seq; Type: SEQUENCE; Schema: public; Owner: postgres
--

ALTER TABLE public.auth_group_permissions ALTER COLUMN id ADD GENERATED BY DEFAULT AS IDENTITY (
    SEQUENCE NAME public.auth_group_permissions_id_seq
    START WITH 1
    INCREMENT BY 1
    NO MINVALUE
    NO MAXVALUE
    CACHE 1
);


--
-- TOC entry 230 (class 1259 OID 17502)
-- Name: auth_permission; Type: TABLE; Schema: public; Owner: postgres
--

CREATE TABLE public.auth_permission (
    id integer NOT NULL,
    name character varying(255) NOT NULL,
    content_type_id integer NOT NULL,
    codename character varying(100) NOT NULL
);


ALTER TABLE public.auth_permission OWNER TO postgres;

--
-- TOC entry 229 (class 1259 OID 17501)
-- Name: auth_permission_id_seq; Type: SEQUENCE; Schema: public; Owner: postgres
--

ALTER TABLE public.auth_permission ALTER COLUMN id ADD GENERATED BY DEFAULT AS IDENTITY (
    SEQUENCE NAME public.auth_permission_id_seq
    START WITH 1
    INCREMENT BY 1
    NO MINVALUE
    NO MAXVALUE
    CACHE 1
);


--
-- TOC entry 236 (class 1259 OID 17531)
-- Name: auth_user; Type: TABLE; Schema: public; Owner: postgres
--

CREATE TABLE public.auth_user (
    id integer NOT NULL,
    password character varying(128) NOT NULL,
    last_login timestamp with time zone,
    is_superuser boolean NOT NULL,
    username character varying(150) NOT NULL,
    first_name character varying(150) NOT NULL,
    last_name character varying(150) NOT NULL,
    email character varying(254) NOT NULL,
    is_staff boolean NOT NULL,
    is_active boolean NOT NULL,
    date_joined timestamp with time zone NOT NULL
);


ALTER TABLE public.auth_user OWNER TO postgres;

--
-- TOC entry 238 (class 1259 OID 17550)
-- Name: auth_user_groups; Type: TABLE; Schema: public; Owner: postgres
--

CREATE TABLE public.auth_user_groups (
    id bigint NOT NULL,
    user_id integer NOT NULL,
    group_id integer NOT NULL
);


ALTER TABLE public.auth_user_groups OWNER TO postgres;

--
-- TOC entry 237 (class 1259 OID 17549)
-- Name: auth_user_groups_id_seq; Type: SEQUENCE; Schema: public; Owner: postgres
--

ALTER TABLE public.auth_user_groups ALTER COLUMN id ADD GENERATED BY DEFAULT AS IDENTITY (
    SEQUENCE NAME public.auth_user_groups_id_seq
    START WITH 1
    INCREMENT BY 1
    NO MINVALUE
    NO MAXVALUE
    CACHE 1
);


--
-- TOC entry 235 (class 1259 OID 17530)
-- Name: auth_user_id_seq; Type: SEQUENCE; Schema: public; Owner: postgres
--

ALTER TABLE public.auth_user ALTER COLUMN id ADD GENERATED BY DEFAULT AS IDENTITY (
    SEQUENCE NAME public.auth_user_id_seq
    START WITH 1
    INCREMENT BY 1
    NO MINVALUE
    NO MAXVALUE
    CACHE 1
);


--
-- TOC entry 240 (class 1259 OID 17559)
-- Name: auth_user_user_permissions; Type: TABLE; Schema: public; Owner: postgres
--

CREATE TABLE public.auth_user_user_permissions (
    id bigint NOT NULL,
    user_id integer NOT NULL,
    permission_id integer NOT NULL
);


ALTER TABLE public.auth_user_user_permissions OWNER TO postgres;

--
-- TOC entry 239 (class 1259 OID 17558)
-- Name: auth_user_user_permissions_id_seq; Type: SEQUENCE; Schema: public; Owner: postgres
--

ALTER TABLE public.auth_user_user_permissions ALTER COLUMN id ADD GENERATED BY DEFAULT AS IDENTITY (
    SEQUENCE NAME public.auth_user_user_permissions_id_seq
    START WITH 1
    INCREMENT BY 1
    NO MINVALUE
    NO MAXVALUE
    CACHE 1
);


--
-- TOC entry 242 (class 1259 OID 17620)
-- Name: django_admin_log; Type: TABLE; Schema: public; Owner: postgres
--

CREATE TABLE public.django_admin_log (
    id integer NOT NULL,
    action_time timestamp with time zone NOT NULL,
    object_id text,
    object_repr character varying(200) NOT NULL,
    action_flag smallint NOT NULL,
    change_message text NOT NULL,
    content_type_id integer,
    user_id integer NOT NULL,
    CONSTRAINT django_admin_log_action_flag_check CHECK ((action_flag >= 0))
);


ALTER TABLE public.django_admin_log OWNER TO postgres;

--
-- TOC entry 241 (class 1259 OID 17619)
-- Name: django_admin_log_id_seq; Type: SEQUENCE; Schema: public; Owner: postgres
--

ALTER TABLE public.django_admin_log ALTER COLUMN id ADD GENERATED BY DEFAULT AS IDENTITY (
    SEQUENCE NAME public.django_admin_log_id_seq
    START WITH 1
    INCREMENT BY 1
    NO MINVALUE
    NO MAXVALUE
    CACHE 1
);


--
-- TOC entry 228 (class 1259 OID 17490)
-- Name: django_content_type; Type: TABLE; Schema: public; Owner: postgres
--

CREATE TABLE public.django_content_type (
    id integer NOT NULL,
    app_label character varying(100) NOT NULL,
    model character varying(100) NOT NULL
);


ALTER TABLE public.django_content_type OWNER TO postgres;

--
-- TOC entry 227 (class 1259 OID 17489)
-- Name: django_content_type_id_seq; Type: SEQUENCE; Schema: public; Owner: postgres
--

ALTER TABLE public.django_content_type ALTER COLUMN id ADD GENERATED BY DEFAULT AS IDENTITY (
    SEQUENCE NAME public.django_content_type_id_seq
    START WITH 1
    INCREMENT BY 1
    NO MINVALUE
    NO MAXVALUE
    CACHE 1
);


--
-- TOC entry 226 (class 1259 OID 17478)
-- Name: django_migrations; Type: TABLE; Schema: public; Owner: postgres
--

CREATE TABLE public.django_migrations (
    id bigint NOT NULL,
    app character varying(255) NOT NULL,
    name character varying(255) NOT NULL,
    applied timestamp with time zone NOT NULL
);


ALTER TABLE public.django_migrations OWNER TO postgres;

--
-- TOC entry 225 (class 1259 OID 17477)
-- Name: django_migrations_id_seq; Type: SEQUENCE; Schema: public; Owner: postgres
--

ALTER TABLE public.django_migrations ALTER COLUMN id ADD GENERATED BY DEFAULT AS IDENTITY (
    SEQUENCE NAME public.django_migrations_id_seq
    START WITH 1
    INCREMENT BY 1
    NO MINVALUE
    NO MAXVALUE
    CACHE 1
);


--
-- TOC entry 243 (class 1259 OID 17660)
-- Name: django_session; Type: TABLE; Schema: public; Owner: postgres
--

CREATE TABLE public.django_session (
    session_key character varying(40) NOT NULL,
    session_data text NOT NULL,
    expire_date timestamp with time zone NOT NULL
);


ALTER TABLE public.django_session OWNER TO postgres;

--
-- TOC entry 251 (class 1259 OID 17755)
-- Name: map_app_dondatphong; Type: TABLE; Schema: public; Owner: postgres
--

CREATE TABLE public.map_app_dondatphong (
    id bigint NOT NULL,
    ngay_tao timestamp with time zone NOT NULL,
    ngay_don_vao date NOT NULL,
    tien_coc numeric(10,0) NOT NULL,
    trang_thai character varying(20) NOT NULL,
    ghi_chu text,
    nguoi_thue_id integer NOT NULL,
    phong_id bigint NOT NULL
);


ALTER TABLE public.map_app_dondatphong OWNER TO postgres;

--
-- TOC entry 250 (class 1259 OID 17754)
-- Name: map_app_dondatphong_id_seq; Type: SEQUENCE; Schema: public; Owner: postgres
--

ALTER TABLE public.map_app_dondatphong ALTER COLUMN id ADD GENERATED BY DEFAULT AS IDENTITY (
    SEQUENCE NAME public.map_app_dondatphong_id_seq
    START WITH 1
    INCREMENT BY 1
    NO MINVALUE
    NO MAXVALUE
    CACHE 1
);


--
-- TOC entry 245 (class 1259 OID 17673)
-- Name: map_app_phongtro; Type: TABLE; Schema: public; Owner: postgres
--

CREATE TABLE public.map_app_phongtro (
    id bigint NOT NULL,
    ten character varying(200) NOT NULL,
    dia_chi character varying(255) NOT NULL,
    gia_thue numeric(10,0) NOT NULL,
    location public.geometry(Point,4326) NOT NULL,
    mo_ta text,
    created_at timestamp with time zone NOT NULL,
    dien_tich double precision NOT NULL,
    hinh_anh character varying(100)
);


ALTER TABLE public.map_app_phongtro OWNER TO postgres;

--
-- TOC entry 249 (class 1259 OID 17707)
-- Name: map_app_phongtro_favorites; Type: TABLE; Schema: public; Owner: postgres
--

CREATE TABLE public.map_app_phongtro_favorites (
    id bigint NOT NULL,
    phongtro_id bigint NOT NULL,
    user_id integer NOT NULL
);


ALTER TABLE public.map_app_phongtro_favorites OWNER TO postgres;

--
-- TOC entry 248 (class 1259 OID 17706)
-- Name: map_app_phongtro_favorites_id_seq; Type: SEQUENCE; Schema: public; Owner: postgres
--

ALTER TABLE public.map_app_phongtro_favorites ALTER COLUMN id ADD GENERATED BY DEFAULT AS IDENTITY (
    SEQUENCE NAME public.map_app_phongtro_favorites_id_seq
    START WITH 1
    INCREMENT BY 1
    NO MINVALUE
    NO MAXVALUE
    CACHE 1
);


--
-- TOC entry 244 (class 1259 OID 17672)
-- Name: map_app_phongtro_id_seq; Type: SEQUENCE; Schema: public; Owner: postgres
--

ALTER TABLE public.map_app_phongtro ALTER COLUMN id ADD GENERATED BY DEFAULT AS IDENTITY (
    SEQUENCE NAME public.map_app_phongtro_id_seq
    START WITH 1
    INCREMENT BY 1
    NO MINVALUE
    NO MAXVALUE
    CACHE 1
);


--
-- TOC entry 247 (class 1259 OID 17694)
-- Name: map_app_tintuc; Type: TABLE; Schema: public; Owner: postgres
--

CREATE TABLE public.map_app_tintuc (
    id bigint NOT NULL,
    tieu_de character varying(200) NOT NULL,
    noi_dung text NOT NULL,
    ngay_dang timestamp with time zone NOT NULL,
    hinh_anh character varying(100)
);


ALTER TABLE public.map_app_tintuc OWNER TO postgres;

--
-- TOC entry 246 (class 1259 OID 17693)
-- Name: map_app_tintuc_id_seq; Type: SEQUENCE; Schema: public; Owner: postgres
--

ALTER TABLE public.map_app_tintuc ALTER COLUMN id ADD GENERATED BY DEFAULT AS IDENTITY (
    SEQUENCE NAME public.map_app_tintuc_id_seq
    START WITH 1
    INCREMENT BY 1
    NO MINVALUE
    NO MAXVALUE
    CACHE 1
);


--
-- TOC entry 6071 (class 0 OID 17512)
-- Dependencies: 232
-- Data for Name: auth_group; Type: TABLE DATA; Schema: public; Owner: postgres
--

COPY public.auth_group (id, name) FROM stdin;
\.


--
-- TOC entry 6073 (class 0 OID 17522)
-- Dependencies: 234
-- Data for Name: auth_group_permissions; Type: TABLE DATA; Schema: public; Owner: postgres
--

COPY public.auth_group_permissions (id, group_id, permission_id) FROM stdin;
\.


--
-- TOC entry 6069 (class 0 OID 17502)
-- Dependencies: 230
-- Data for Name: auth_permission; Type: TABLE DATA; Schema: public; Owner: postgres
--

COPY public.auth_permission (id, name, content_type_id, codename) FROM stdin;
1	Can add log entry	1	add_logentry
2	Can change log entry	1	change_logentry
3	Can delete log entry	1	delete_logentry
4	Can view log entry	1	view_logentry
5	Can add permission	2	add_permission
6	Can change permission	2	change_permission
7	Can delete permission	2	delete_permission
8	Can view permission	2	view_permission
9	Can add group	3	add_group
10	Can change group	3	change_group
11	Can delete group	3	delete_group
12	Can view group	3	view_group
13	Can add user	4	add_user
14	Can change user	4	change_user
15	Can delete user	4	delete_user
16	Can view user	4	view_user
17	Can add content type	5	add_contenttype
18	Can change content type	5	change_contenttype
19	Can delete content type	5	delete_contenttype
20	Can view content type	5	view_contenttype
21	Can add session	6	add_session
22	Can change session	6	change_session
23	Can delete session	6	delete_session
24	Can view session	6	view_session
25	Can add phong tro	7	add_phongtro
26	Can change phong tro	7	change_phongtro
27	Can delete phong tro	7	delete_phongtro
28	Can view phong tro	7	view_phongtro
29	Can add tin tuc	8	add_tintuc
30	Can change tin tuc	8	change_tintuc
31	Can delete tin tuc	8	delete_tintuc
32	Can view tin tuc	8	view_tintuc
33	Can add don dat phong	9	add_dondatphong
34	Can change don dat phong	9	change_dondatphong
35	Can delete don dat phong	9	delete_dondatphong
36	Can view don dat phong	9	view_dondatphong
\.


--
-- TOC entry 6075 (class 0 OID 17531)
-- Dependencies: 236
-- Data for Name: auth_user; Type: TABLE DATA; Schema: public; Owner: postgres
--

COPY public.auth_user (id, password, last_login, is_superuser, username, first_name, last_name, email, is_staff, is_active, date_joined) FROM stdin;
3	pbkdf2_sha256$600000$poL9SI6tIcRtXgnrpJiiLX$/tz7JSU/CZAnZ25KKhs093GPki8YtkH9mlSvDMf5vRs=	2026-02-05 21:42:50.427301+07	f	giabao2411	Gia Bảo	Huỳnh	huynhgiabao24112005@gmail.com	f	t	2026-01-30 12:52:09.934795+07
1	pbkdf2_sha256$600000$IybMQ35XxOWsATXArjeW02$llCdqXyvZXMKf1zpDjXsmoM7juHtTEjZ4WvpOXQT2Qg=	2026-02-05 21:43:00.040065+07	t	admin				t	t	2026-01-29 18:39:13.694645+07
\.


--
-- TOC entry 6077 (class 0 OID 17550)
-- Dependencies: 238
-- Data for Name: auth_user_groups; Type: TABLE DATA; Schema: public; Owner: postgres
--

COPY public.auth_user_groups (id, user_id, group_id) FROM stdin;
\.


--
-- TOC entry 6079 (class 0 OID 17559)
-- Dependencies: 240
-- Data for Name: auth_user_user_permissions; Type: TABLE DATA; Schema: public; Owner: postgres
--

COPY public.auth_user_user_permissions (id, user_id, permission_id) FROM stdin;
\.


--
-- TOC entry 6081 (class 0 OID 17620)
-- Dependencies: 242
-- Data for Name: django_admin_log; Type: TABLE DATA; Schema: public; Owner: postgres
--

COPY public.django_admin_log (id, action_time, object_id, object_repr, action_flag, change_message, content_type_id, user_id) FROM stdin;
1	2026-01-29 19:11:52.86204+07	1	Đai học Bách Khoa	1	[{"added": {}}]	7	1
2	2026-01-29 19:15:33.507732+07	1	Đai học Bách Khoa	3		7	1
3	2026-01-29 19:17:06.630783+07	2	NNNNNNNNNN	1	[{"added": {}}]	7	1
4	2026-01-29 19:22:48.640489+07	3	BBBBBBBBBBB	1	[{"added": {}}]	7	1
5	2026-01-29 19:24:07.212955+07	4	MMMMMMMMMMMMM	1	[{"added": {}}]	7	1
6	2026-01-30 12:51:41.246527+07	2	giabao2411	1	[{"added": {}}]	4	1
7	2026-01-30 12:51:52.095762+07	2	giabao2411	3		4	1
8	2026-01-30 13:05:06.878298+07	4	MMMMMMMMMMMMM	2	[{"changed": {"fields": ["H\\u00ecnh \\u1ea3nh th\\u1ef1c t\\u1ebf"]}}]	7	1
9	2026-01-30 13:55:07.996787+07	1	sfgdsfdfgsdfg	1	[{"added": {}}]	8	1
10	2026-02-01 20:07:24.038602+07	1	sfgdsfdfgsdfg	2	[{"changed": {"fields": ["H\\u00ecnh \\u1ea3nh \\u0111\\u1ea1i di\\u1ec7n"]}}]	8	1
11	2026-02-02 07:09:05.349309+07	5	GGG GGGG	1	[{"added": {}}]	7	1
12	2026-02-02 07:24:51.370013+07	2	Phân Khu Cao Tầng An Cựu Tower (An Cựu City) Được Phê Duyệt Quy Hoạch 1/500	1	[{"added": {}}]	8	1
13	2026-02-02 21:43:18.53336+07	14	Căn hộ dịch vụ Thảo Điền	2	[]	7	1
14	2026-02-02 21:45:53.506708+07	3	BBBBBBBBBBB	2	[{"changed": {"fields": ["Hinh anh"]}}]	7	1
15	2026-02-02 21:46:02.654504+07	2	NNNNNNNNNN	2	[{"changed": {"fields": ["Hinh anh"]}}]	7	1
16	2026-02-03 22:48:26.737814+07	5	GGG GGGG	2	[{"changed": {"fields": ["Hinh anh"]}}]	7	1
17	2026-02-03 22:48:36.048003+07	6	Căn hộ mini Landmark 81	2	[{"changed": {"fields": ["Hinh anh"]}}]	7	1
18	2026-02-04 22:06:30.708431+07	1	giabao2411 đặt Trọ sinh viên Bách Khoa	2	[{"changed": {"fields": ["Trang thai"]}}]	9	1
19	2026-02-04 22:20:59.556651+07	2	giabao2411 đặt NNNNNNNNNN	2	[{"changed": {"fields": ["Trang thai"]}}]	9	1
20	2026-02-04 23:27:00.815484+07	2	giabao2411 đặt NNNNNNNNNN	2	[{"changed": {"fields": ["Trang thai"]}}]	9	1
21	2026-02-04 23:27:13.544152+07	7	Trọ sinh viên Bách Khoa	2	[{"changed": {"fields": ["Hinh anh"]}}]	7	1
22	2026-02-04 23:29:23.928608+07	8	Phòng trọ giá rẻ Gò Vấp	2	[{"changed": {"fields": ["Hinh anh"]}}]	7	1
23	2026-02-04 23:29:34.741189+07	9	Studio Full nội thất Q1	2	[{"changed": {"fields": ["Hinh anh"]}}]	7	1
24	2026-02-04 23:29:41.817209+07	10	KTX ĐH Sư Phạm Kỹ Thuật	2	[{"changed": {"fields": ["Hinh anh"]}}]	7	1
25	2026-02-04 23:29:49.783228+07	11	Chung cư Quận 7 gần Lotte	2	[{"changed": {"fields": ["Hinh anh"]}}]	7	1
26	2026-02-04 23:29:58.544976+07	12	Trọ khu Chợ Lớn	2	[{"changed": {"fields": ["Hinh anh"]}}]	7	1
27	2026-02-04 23:30:05.693514+07	13	Phòng trọ gần sân bay	2	[{"changed": {"fields": ["Hinh anh"]}}]	7	1
28	2026-02-04 23:30:13.184063+07	14	Căn hộ dịch vụ Thảo Điền	2	[{"changed": {"fields": ["Hinh anh"]}}]	7	1
29	2026-02-04 23:31:25.966994+07	2	Phân Khu Cao Tầng An Cựu Tower (An Cựu City) Được Phê Duyệt Quy Hoạch 1/500	2	[{"changed": {"fields": ["H\\u00ecnh \\u1ea3nh \\u0111\\u1ea1i di\\u1ec7n"]}}]	8	1
30	2026-02-04 23:31:46.464958+07	3	Cảnh báo lừa đảo tiền cọc trọ sinh viên 2026	2	[{"changed": {"fields": ["H\\u00ecnh \\u1ea3nh \\u0111\\u1ea1i di\\u1ec7n"]}}]	8	1
31	2026-02-04 23:32:22.135661+07	4	Top 5 khu vực có giá thuê rẻ nhất TP.HCM	2	[{"changed": {"fields": ["H\\u00ecnh \\u1ea3nh \\u0111\\u1ea1i di\\u1ec7n"]}}]	8	1
32	2026-02-04 23:32:56.97755+07	5	Mẹo trang trí phòng trọ nhỏ trở nên rộng rãi	2	[{"changed": {"fields": ["H\\u00ecnh \\u1ea3nh \\u0111\\u1ea1i di\\u1ec7n"]}}]	8	1
33	2026-02-04 23:33:20.179696+07	6	Tuyến Metro số 1 giúp sinh viên đi học tiện lợi	2	[{"changed": {"fields": ["H\\u00ecnh \\u1ea3nh \\u0111\\u1ea1i di\\u1ec7n"]}}]	8	1
34	2026-02-04 23:33:55.663135+07	7	Kinh nghiệm xương máu khi ở ghép	2	[{"changed": {"fields": ["H\\u00ecnh \\u1ea3nh \\u0111\\u1ea1i di\\u1ec7n"]}}]	8	1
35	2026-02-04 23:34:38.015996+07	8	SmartRent ra mắt tính năng tìm trọ theo thời gian đi chuyển	2	[{"changed": {"fields": ["H\\u00ecnh \\u1ea3nh \\u0111\\u1ea1i di\\u1ec7n"]}}]	8	1
36	2026-02-05 17:41:50.760942+07	15	Phòng trọ cao cấp Lê Văn Sỹ	2	[{"changed": {"fields": ["Hinh anh"]}}]	7	1
37	2026-02-05 17:42:18.208786+07	16	Homestay Quận 3 gần Hồ Con Rùa	2	[{"changed": {"fields": ["Hinh anh"]}}]	7	1
38	2026-02-05 17:42:57.25749+07	17	Căn hộ mini gần Lotte Mart	2	[{"changed": {"fields": ["Hinh anh"]}}]	7	1
39	2026-02-05 17:43:07.384672+07	2	NNNNNNNNNN	3		7	1
40	2026-02-05 17:44:55.540358+07	3	BBBBBBBBBBB	3		7	1
41	2026-02-05 17:44:59.810186+07	4	MMMMMMMMMMMMM	3		7	1
42	2026-02-05 17:45:03.736391+07	5	GGG GGGG	3		7	1
43	2026-02-05 17:45:33.449243+07	18	Trọ sinh viên giá rẻ Lâm Văn Bền	2	[{"changed": {"fields": ["Hinh anh"]}}]	7	1
44	2026-02-05 17:45:41.475253+07	19	Trọ mới xây gần ĐH Công Nghiệp	2	[{"changed": {"fields": ["Hinh anh"]}}]	7	1
45	2026-02-05 17:45:50.718893+07	20	Phòng trọ Phan Văn Trị - Cityland	2	[{"changed": {"fields": ["Hinh anh"]}}]	7	1
46	2026-02-05 17:46:05.676763+07	21	Studio Full nội thất Phan Xích Long	2	[{"changed": {"fields": ["Hinh anh"]}}]	7	1
47	2026-02-05 21:19:38.193316+07	3	giabao2411 đặt Trọ gần Công viên phần mềm Quang Trung	2	[{"changed": {"fields": ["Trang thai"]}}]	9	1
48	2026-02-05 21:22:23.920318+07	4	giabao2411 đặt Studio Full nội thất Q1	2	[{"changed": {"fields": ["Trang thai"]}}]	9	1
49	2026-02-05 21:24:17.876507+07	5	admin đặt Studio Full nội thất Phan Xích Long	2	[{"changed": {"fields": ["Trang thai"]}}]	9	1
50	2026-02-05 21:30:35.468153+07	1	giabao2411 đặt Trọ sinh viên Bách Khoa	3		9	1
51	2026-02-05 21:30:38.059081+07	5	admin đặt Studio Full nội thất Phan Xích Long	3		9	1
52	2026-02-05 21:30:40.06323+07	4	giabao2411 đặt Studio Full nội thất Q1	3		9	1
53	2026-02-05 21:30:42.071493+07	3	giabao2411 đặt Trọ gần Công viên phần mềm Quang Trung	3		9	1
54	2026-02-05 21:31:42.430107+07	6	giabao2411 đặt Trọ sinh viên giá rẻ Lâm Văn Bền	2	[{"changed": {"fields": ["Trang thai"]}}]	9	1
55	2026-02-05 21:42:40.256242+07	6	giabao2411 đặt Trọ sinh viên giá rẻ Lâm Văn Bền	2	[{"changed": {"fields": ["Trang thai"]}}]	9	1
56	2026-02-05 21:43:05.384547+07	6	giabao2411 đặt Trọ sinh viên giá rẻ Lâm Văn Bền	2	[{"changed": {"fields": ["Trang thai"]}}]	9	1
\.


--
-- TOC entry 6067 (class 0 OID 17490)
-- Dependencies: 228
-- Data for Name: django_content_type; Type: TABLE DATA; Schema: public; Owner: postgres
--

COPY public.django_content_type (id, app_label, model) FROM stdin;
1	admin	logentry
2	auth	permission
3	auth	group
4	auth	user
5	contenttypes	contenttype
6	sessions	session
7	map_app	phongtro
8	map_app	tintuc
9	map_app	dondatphong
\.


--
-- TOC entry 6065 (class 0 OID 17478)
-- Dependencies: 226
-- Data for Name: django_migrations; Type: TABLE DATA; Schema: public; Owner: postgres
--

COPY public.django_migrations (id, app, name, applied) FROM stdin;
1	contenttypes	0001_initial	2026-01-29 18:35:47.212863+07
2	auth	0001_initial	2026-01-29 18:35:47.26722+07
3	admin	0001_initial	2026-01-29 18:35:47.281306+07
4	admin	0002_logentry_remove_auto_add	2026-01-29 18:35:47.286794+07
5	admin	0003_logentry_add_action_flag_choices	2026-01-29 18:35:47.29161+07
6	contenttypes	0002_remove_content_type_name	2026-01-29 18:35:47.302631+07
7	auth	0002_alter_permission_name_max_length	2026-01-29 18:35:47.308171+07
8	auth	0003_alter_user_email_max_length	2026-01-29 18:35:47.313474+07
9	auth	0004_alter_user_username_opts	2026-01-29 18:35:47.320224+07
10	auth	0005_alter_user_last_login_null	2026-01-29 18:35:47.323505+07
11	auth	0006_require_contenttypes_0002	2026-01-29 18:35:47.323505+07
12	auth	0007_alter_validators_add_error_messages	2026-01-29 18:35:47.331117+07
13	auth	0008_alter_user_username_max_length	2026-01-29 18:35:47.338242+07
14	auth	0009_alter_user_last_name_max_length	2026-01-29 18:35:47.344103+07
15	auth	0010_alter_group_name_max_length	2026-01-29 18:35:47.349228+07
16	auth	0011_update_proxy_permissions	2026-01-29 18:35:47.356076+07
17	auth	0012_alter_user_first_name_max_length	2026-01-29 18:35:47.358001+07
18	sessions	0001_initial	2026-01-29 18:35:47.369388+07
19	map_app	0001_initial	2026-01-29 18:38:06.235065+07
20	map_app	0002_phongtro_dien_tich_phongtro_hinh_anh_and_more	2026-01-29 21:08:29.928257+07
21	map_app	0003_tintuc	2026-01-30 13:41:58.243179+07
22	map_app	0004_phongtro_favorites	2026-01-30 22:59:41.686913+07
23	map_app	0005_alter_tintuc_options_remove_phongtro_sdt_lien_he_and_more	2026-01-30 23:07:44.063145+07
24	map_app	0006_alter_tintuc_options_tintuc_hinh_anh_and_more	2026-02-01 20:06:11.995213+07
25	map_app	0007_dondatphong	2026-02-04 21:38:27.938947+07
\.


--
-- TOC entry 6082 (class 0 OID 17660)
-- Dependencies: 243
-- Data for Name: django_session; Type: TABLE DATA; Schema: public; Owner: postgres
--

COPY public.django_session (session_key, session_data, expire_date) FROM stdin;
pyrc3hqn7kjcdeg2jyjp0si0n7vivgvt	.eJxVjDsOwjAQBe_iGln-xD9Kes5g2btrHEC2FCcV4u4QKQW0b2bei8W0rTVug5Y4IzszyU6_W07woLYDvKd26xx6W5c5813hBx382pGel8P9O6hp1G-tlfVKekVowAdj0wRZqCJBFVe0JwqgMzoSxdkJDaJ0IIqQIQmlQxbs_QHbhTfP:1vo0ZQ:pJ00l-CIH9GtXtBknU4l-KUtyMA1Pzdnxuux1LjU7sU	2026-02-19 21:43:00.042071+07
hyzda1tywj5hktpraibtx3kaxa51m6ac	.eJxVjEsOwiAUAO_C2hDax9ele89AHjyQqoGktCvj3ZWkC93OTObFPO5b8XtPq1-InRmw0y8LGB-pDkF3rLfGY6vbugQ-En7Yzq-N0vNytH-Dgr2MLWgNhuZsLAgi1MoJsjYFQBPlrMIks4aMGpGiJKkJvhizUA7M5Bx7fwDY9zeq:1vlhRK:c5LAtEgAI3Uh3LxYTlMm7mxNklMhYRkxzp2zBDIi9Jk	2026-02-13 12:53:06.437756+07
\.


--
-- TOC entry 6090 (class 0 OID 17755)
-- Dependencies: 251
-- Data for Name: map_app_dondatphong; Type: TABLE DATA; Schema: public; Owner: postgres
--

COPY public.map_app_dondatphong (id, ngay_tao, ngay_don_vao, tien_coc, trang_thai, ghi_chu, nguoi_thue_id, phong_id) FROM stdin;
6	2026-02-05 21:31:20.24824+07	2026-06-22	2800000	cho_xac_nhan		3	18
\.


--
-- TOC entry 6084 (class 0 OID 17673)
-- Dependencies: 245
-- Data for Name: map_app_phongtro; Type: TABLE DATA; Schema: public; Owner: postgres
--

COPY public.map_app_phongtro (id, ten, dia_chi, gia_thue, location, mo_ta, created_at, dien_tich, hinh_anh) FROM stdin;
15	Phòng trọ cao cấp Lê Văn Sỹ	Hẻm 359 Lê Văn Sỹ, Phường 13, Quận 3, TP.HCM	5500000	0101000020E6100000287E8CB96BAB5A4019CA897615922540	Phòng đẹp, full nội thất, gần ĐH Sư Phạm, có ban công thoáng mát.	2026-02-04 23:54:28.432551+07	20	phong_tro/ph4.jpg
6	Căn hộ mini Landmark 81	208 Nguyễn Hữu Cảnh, Bình Thạnh, Hồ Chí Minh	8500000	0101000020E6100000066A8C310BAE5A404C38F4160F972540	Mô tả tự động: Phòng đẹp, thoáng mát tại 208 Nguyễn Hữu Cảnh, Bình Thạnh, Hồ Chí Minh. Liên hệ ngay!	2026-02-02 21:28:13.180916+07	45	phong_tro/nhatro5.jpg
7	Trọ sinh viên Bách Khoa	268 Lý Thường Kiệt, Quận 10, Hồ Chí Minh	2500000	0101000020E610000044CEB1721EAA5A405F718280C68A2540	Mô tả tự động: Phòng đẹp, thoáng mát tại 268 Lý Thường Kiệt, Quận 10, Hồ Chí Minh. Liên hệ ngay!	2026-02-02 21:28:15.442386+07	18	phong_tro/phong6.jpg
8	Phòng trọ giá rẻ Gò Vấp	12 Nguyễn Văn Bảo, Gò Vấp, Hồ Chí Minh	1800000	0101000020E6100000CACFFC2001AC5A402E07D561E0A42540	Mô tả tự động: Phòng đẹp, thoáng mát tại 12 Nguyễn Văn Bảo, Gò Vấp, Hồ Chí Minh. Liên hệ ngay!	2026-02-02 21:28:17.609655+07	15	phong_tro/tro7.jpg
9	Studio Full nội thất Q1	135 Trần Hưng Đạo, Quận 1, Hồ Chí Minh	6500000	0101000020E6100000CC0E4CC9CDAB5A40FDA02E5228832540	Mô tả tự động: Phòng đẹp, thoáng mát tại 135 Trần Hưng Đạo, Quận 1, Hồ Chí Minh. Liên hệ ngay!	2026-02-02 21:28:19.937806+07	30	phong_tro/tro8.jpg
10	KTX ĐH Sư Phạm Kỹ Thuật	1 Võ Văn Ngân, Thủ Đức, Hồ Chí Minh	1200000	0101000020E6100000A0C211A452B05A4061C66F65E4B32540	Mô tả tự động: Phòng đẹp, thoáng mát tại 1 Võ Văn Ngân, Thủ Đức, Hồ Chí Minh. Liên hệ ngay!	2026-02-02 21:28:24.812619+07	10	phong_tro/tro9.jpg
11	Chung cư Quận 7 gần Lotte	469 Nguyễn Hữu Thọ, Quận 7, Hồ Chí Minh	7000000	0101000020E6100000A1191FC1E8AC5A4096CFF23CB87B2540	Mô tả tự động: Phòng đẹp, thoáng mát tại 469 Nguyễn Hữu Thọ, Quận 7, Hồ Chí Minh. Liên hệ ngay!	2026-02-02 21:28:27.044194+07	50	phong_tro/tro10.jpg
12	Trọ khu Chợ Lớn	Hồng Bàng, Quận 5, Hồ Chí Minh	2200000	0101000020E6100000103BF82E4AAA5A405AC63CE1DB822540	Mô tả tự động: Phòng đẹp, thoáng mát tại Hồng Bàng, Quận 5, Hồ Chí Minh. Liên hệ ngay!	2026-02-02 21:28:29.307084+07	20	phong_tro/tro11.jpg
13	Phòng trọ gần sân bay	Trường Sơn, Tân Bình, Hồ Chí Minh	3500000	0101000020E610000037B176CA59A95A4059FAD005F59D2540	Mô tả tự động: Phòng đẹp, thoáng mát tại Trường Sơn, Tân Bình, Hồ Chí Minh. Liên hệ ngay!	2026-02-02 21:28:32.267854+07	28	phong_tro/tro12.jpg
14	Căn hộ dịch vụ Thảo Điền	Thảo Điền, Quận 2, Hồ Chí Minh	12000000	0101000020E610000059BA27B4D1AE5A40B5AA80D657A22540	Mô tả tự động: Phòng đẹp, thoáng mát tại Thảo Điền, Quận 2, Hồ Chí Minh. Liên hệ ngay!	2026-02-02 21:28:34.498635+07	60	phong_tro/tro13.jpg
16	Homestay Quận 3 gần Hồ Con Rùa	40 Phạm Ngọc Thạch, Phường 6, Quận 3, TP.HCM	4800000	0101000020E6100000EAB298D87CAC5A40C6BFCFB870902540	Ký túc xá cao cấp, bao điện nước, máy lạnh 24/24, an ninh tốt.	2026-02-04 23:54:28.446558+07	20	phong_tro/phong15.jpg
17	Căn hộ mini gần Lotte Mart	Đường Nguyễn Thị Thập, Phường Tân Hưng, Quận 7, TP.HCM	4200000	0101000020E6100000C217265305AD5A40EE5F5969527A2540	Gần siêu thị Lotte, ĐH Tôn Đức Thắng. Giờ giấc tự do, khóa vân tay.	2026-02-04 23:54:28.448311+07	20	phong_tro/phong16.jpg
18	Trọ sinh viên giá rẻ Lâm Văn Bền	Hẻm 60 Lâm Văn Bền, Phường Tân Kiểng, Quận 7, TP.HCM	2800000	0101000020E61000007DE882FA96AD5A4076374F75C87D2540	Phòng nhỏ gọn cho sinh viên, điện nước giá nhà nước, có gác lửng.	2026-02-04 23:54:28.448311+07	20	phong_tro/phongtro1_YqbZfh0.jpg
22	Trọ giá rẻ Thích Quảng Đức	Thích Quảng Đức, Phường 5, Phú Nhuận, TP.HCM	3500000	0101000020E610000076C3B64599AB5A40EB56CF49EF9B2540	Gần chùa, yên tĩnh, thích hợp cho người đi làm hoặc sinh viên thích yên lặng.	2026-02-04 23:54:28.452342+07	20	
23	Phòng trọ gần CV Đầm Sen	Hòa Bình, Phường 3, Quận 11, TP.HCM	2500000	0101000020E610000097C5C4E6E3A85A40EF38454772892540	Giá rẻ bất ngờ, ngay cổng Đầm Sen. Phòng cũ nhưng sạch sẽ, chủ dễ tính.	2026-02-04 23:54:28.452342+07	20	
24	Trọ gần Công viên phần mềm Quang Trung	Tô Ký, Phường Tân Chánh Hiệp, Quận 12, TP.HCM	2000000	0101000020E61000003D2CD49AE6A75A40D8BB3FDEABB62540	Dành cho sinh viên FPT, Hoa Sen. Phòng rộng thênh thang, giá hạt dẻ.	2026-02-04 23:54:28.454408+07	20	
25	Nhà trọ Ngã Tư Ga	Hà Huy Giáp, Phường Thạnh Lộc, Quận 12, TP.HCM	1800000	0101000020E61000005ABBED4273AB5A409296CADB11BE2540	Giá rẻ nhất khu vực, gần bến xe Ngã Tư Ga. Có chỗ để xe máy rộng.	2026-02-04 23:54:28.454408+07	20	
19	Trọ mới xây gần ĐH Công Nghiệp	Đường Nguyễn Văn Bảo, Phường 4, Gò Vấp, TP.HCM	3200000	0101000020E61000004B766C04E2AB5A404BC8073D9BA52540	Đi bộ sang trường IUH 5 phút. Có thang máy, máy giặt chung, wifi mạnh.	2026-02-04 23:54:28.450327+07	20	phong_tro/phongtro2_fhynbk1.jpg
20	Phòng trọ Phan Văn Trị - Cityland	Phan Văn Trị, Phường 10, Gò Vấp, TP.HCM	3800000	0101000020E6100000705F07CE19AB5A407DE882FA96A92540	Khu dân cư yên tĩnh, gần Emart Gò Vấp. Phòng rộng 25m2, có bếp riêng.	2026-02-04 23:54:28.450327+07	20	phong_tro/phongtro3_tU6xGdr.jpg
21	Studio Full nội thất Phan Xích Long	Hoa Lan, Phường 2, Phú Nhuận, TP.HCM	6000000	0101000020E610000040C1C58A1AAC5A40B936548CF3972540	Studio xịn xò như khách sạn, gần khu ăn uống sầm uất, đi Q1 chỉ 5 phút.	2026-02-04 23:54:28.452342+07	20	phong_tro/nhatro4_NWfx3e2.jpg
\.


--
-- TOC entry 6088 (class 0 OID 17707)
-- Dependencies: 249
-- Data for Name: map_app_phongtro_favorites; Type: TABLE DATA; Schema: public; Owner: postgres
--

COPY public.map_app_phongtro_favorites (id, phongtro_id, user_id) FROM stdin;
\.


--
-- TOC entry 6086 (class 0 OID 17694)
-- Dependencies: 247
-- Data for Name: map_app_tintuc; Type: TABLE DATA; Schema: public; Owner: postgres
--

COPY public.map_app_tintuc (id, tieu_de, noi_dung, ngay_dang, hinh_anh) FROM stdin;
1	sfgdsfdfgsdfg	fasdfsadfsdafsdfsdafsdafsdafsdfsadfsdaf	2026-01-30 13:55:07.993282+07	tin_tuc/phongtro1.jpg
2	Phân Khu Cao Tầng An Cựu Tower (An Cựu City) Được Phê Duyệt Quy Hoạch 1/500	Việc chính thức phê duyệt quy hoạch chi tiết tỷ lệ 1/500 cho Tổ hợp khách sạn 5 sao và chung cư cao cấp An Cựu Tower đánh dấu bước hoàn thiện pháp lý quan trọng cho phân khu cao tầng thuộc Khu đô thị An Cựu City. Song song với cột mốc này, chủ đầu tư đã công bố lộ trình triển khai chi tiết cho năm 2026 nhằm đảm bảo tiến độ vận hành toàn khu.\r\nHoàn Thiện Pháp Lý Và Lộ Trình Triển Khai Năm 2026\r\nViệc phân khu cao tầng An Cựu Tower nhận phê duyệt quy hoạch này là cơ sở pháp lý để chủ đầu tư – Công ty CP Đầu tư IMG Huế (IMGH) tiến hành các thủ tục đầu tư và xây dựng tiếp theo. Đối với khách hàng, đây là yếu tố then chốt đảm bảo tính minh bạch và giá trị bền vững của tài sản trong bối cảnh thị trường bất động sản đang có sự sàng lọc khắt khe.\r\n\r\nQuy hoạch chi tiết tỷ lệ 1/500 là cấp độ quy hoạch cụ thể nhất, xác lập ranh giới lô đất, các chỉ tiêu kỹ thuật và hệ thống hạ tầng kết nối.\r\nCùng với cột mốc pháp lý, IMGH đã công bố lộ trình phát triển cụ thể trong năm 2026.\r\n\r\nAn Cựu City công bố ba cột mốc phát triển trong năm 2026.\r\nTheo kế hoạch, dự án sẽ hoàn thiện cơ sở hạ tầng vào quý 2; thực hiện cấp giấy chứng nhận quyền sở hữu (sổ hồng) cho phân khu shophouse An Cựu Galleria vào quý 3; chính thức khởi công Tổ hợp khách sạn 5 sao và chung cư cao cấp An Cựu Tower vào quý 4. Việc xác lập lộ trình gắn liền với các mốc pháp lý và xây dựng cụ thể cho thấy phương thức tiếp cận dự án dựa trên các trụ cột: tiến độ, pháp lý và chất lượng.\r\nQuy Mô Dự Án Và Mục Tiêu Nâng Tầm Dịch Vụ Đô Thị\r\nAn Cựu Tower là phân khu cao tầng trọng điểm nằm trong tổng thể Khu đô thị An Cựu City, tọa lạc tại vị trí đối diện trung tâm thương mại Aeon Mall Huế. Tổ hợp có tổng diện tích xây dựng gần 85.000m², bao gồm tháp căn hộ cao 35 tầng, tháp khách sạn 22 tầng, khối thương mại – dịch vụ và hệ thống công viên đa năng rộng 17.000 m². Sự hình thành của cộng đồng cư dân cao tầng và khách lưu trú cao cấp được kỳ vọng sẽ tạo nguồn cầu ổn định, trực tiếp nâng cao hiệu quả khai thác kinh doanh cho các tuyến shophouse hiện hữu.\r\n\r\nAn Cựu Galleria và An Cựu Tower là hai mảnh ghép trọng tâm của An Cựu City.\r\nĐể chuẩn bị cho việc vận hành theo tiêu chuẩn quốc tế, IMGH đã hợp tác cùng đơn vị thiết kế Nikken Sekkei (Nhật Bản). Chủ đầu tư cũng đang làm việc với các tập đoàn quản lý khách sạn hàng đầu như Marriott, IHG, Hilton, Accor để lựa chọn mô hình vận hành đạt chuẩn 5 sao. Sự xuất hiện của các thương hiệu quốc tế không chỉ đảm bảo chất lượng dịch vụ mà còn đóng góp vào mục tiêu phát triển du lịch cao cấp và định hình hình ảnh đô thị hiện đại cho TP. Huế.\r\nHiện tại, chủ đầu tư đang triển khai chính sách ưu đãi hấp dẫn cho khách hàng shophouse An Cựu Galleria: tặng ngay 5 chỉ vàng, chỉ từ 1,5 tỷ sở hữu ngay, hỗ trợ lãi suất 0% và ân hạn nợ gốc 12 tháng, tổng ưu đãi đặc biệt lên đến 2,8 tỷ khi thanh toán nhanh…	2026-02-02 07:24:51.362997+07	tin_tuc/chungcu.jpg
3	Cảnh báo lừa đảo tiền cọc trọ sinh viên 2026	Hiện nay xuất hiện nhiều nhóm đối tượng giả danh chủ trọ để lừa tiền cọc của tân sinh viên tại khu vực Làng Đại Học. Các bạn cần kiểm tra kỹ giấy tờ chính chủ trước khi chuyển khoản...	2026-02-02 21:32:31.280691+07	tin_tuc/luadao.webp
4	Top 5 khu vực có giá thuê rẻ nhất TP.HCM	Theo thống kê tháng 2/2026, các khu vực như Gò Vấp, Quận 12 và Bình Tân đang dẫn đầu về mức giá thuê hợp lý, dao động từ 1.5 - 2.5 triệu đồng cho phòng 20m2...	2026-02-02 21:32:31.791565+07	tin_tuc/khuvuc.jpg
5	Mẹo trang trí phòng trọ nhỏ trở nên rộng rãi	Sử dụng gương lớn, chọn màu sơn sáng và nội thất thông minh gấp gọn là những cách đơn giản giúp căn phòng 15m2 của bạn trông như studio cao cấp...	2026-02-02 21:32:32.304973+07	tin_tuc/trangtri.webp
6	Tuyến Metro số 1 giúp sinh viên đi học tiện lợi	Với việc tuyến Metro Bến Thành - Suối Tiên đi vào hoạt động ổn định, sinh viên thuê trọ tại Thủ Đức giờ đây có thể di chuyển vào trung tâm chỉ mất 15 phút...	2026-02-02 21:32:32.820939+07	tin_tuc/metro.jpg
7	Kinh nghiệm xương máu khi ở ghép	Tìm bạn ở ghép không khó, nhưng tìm người hợp tính cách mới khó. Hãy thảo luận rõ ràng về quy tắc sinh hoạt, giờ giấc và chia tiền điện nước ngay từ đầu...	2026-02-02 21:32:33.334535+07	tin_tuc/kinhnghiem.png
8	SmartRent ra mắt tính năng tìm trọ theo thời gian đi chuyển	Thay vì tìm theo khoảng cách, giờ đây bạn có thể tìm phòng trọ 'cách trường 15 phút đi xe máy'. Tính năng này giúp tối ưu thời gian di chuyển hàng ngày của bạn...	2026-02-02 21:32:33.847996+07	tin_tuc/tphcm.jpg
\.


--
-- TOC entry 5832 (class 0 OID 16708)
-- Dependencies: 221
-- Data for Name: spatial_ref_sys; Type: TABLE DATA; Schema: public; Owner: postgres
--

COPY public.spatial_ref_sys (srid, auth_name, auth_srid, srtext, proj4text) FROM stdin;
\.


--
-- TOC entry 6097 (class 0 OID 0)
-- Dependencies: 231
-- Name: auth_group_id_seq; Type: SEQUENCE SET; Schema: public; Owner: postgres
--

SELECT pg_catalog.setval('public.auth_group_id_seq', 1, false);


--
-- TOC entry 6098 (class 0 OID 0)
-- Dependencies: 233
-- Name: auth_group_permissions_id_seq; Type: SEQUENCE SET; Schema: public; Owner: postgres
--

SELECT pg_catalog.setval('public.auth_group_permissions_id_seq', 1, false);


--
-- TOC entry 6099 (class 0 OID 0)
-- Dependencies: 229
-- Name: auth_permission_id_seq; Type: SEQUENCE SET; Schema: public; Owner: postgres
--

SELECT pg_catalog.setval('public.auth_permission_id_seq', 36, true);


--
-- TOC entry 6100 (class 0 OID 0)
-- Dependencies: 237
-- Name: auth_user_groups_id_seq; Type: SEQUENCE SET; Schema: public; Owner: postgres
--

SELECT pg_catalog.setval('public.auth_user_groups_id_seq', 1, false);


--
-- TOC entry 6101 (class 0 OID 0)
-- Dependencies: 235
-- Name: auth_user_id_seq; Type: SEQUENCE SET; Schema: public; Owner: postgres
--

SELECT pg_catalog.setval('public.auth_user_id_seq', 3, true);


--
-- TOC entry 6102 (class 0 OID 0)
-- Dependencies: 239
-- Name: auth_user_user_permissions_id_seq; Type: SEQUENCE SET; Schema: public; Owner: postgres
--

SELECT pg_catalog.setval('public.auth_user_user_permissions_id_seq', 1, false);


--
-- TOC entry 6103 (class 0 OID 0)
-- Dependencies: 241
-- Name: django_admin_log_id_seq; Type: SEQUENCE SET; Schema: public; Owner: postgres
--

SELECT pg_catalog.setval('public.django_admin_log_id_seq', 56, true);


--
-- TOC entry 6104 (class 0 OID 0)
-- Dependencies: 227
-- Name: django_content_type_id_seq; Type: SEQUENCE SET; Schema: public; Owner: postgres
--

SELECT pg_catalog.setval('public.django_content_type_id_seq', 9, true);


--
-- TOC entry 6105 (class 0 OID 0)
-- Dependencies: 225
-- Name: django_migrations_id_seq; Type: SEQUENCE SET; Schema: public; Owner: postgres
--

SELECT pg_catalog.setval('public.django_migrations_id_seq', 25, true);


--
-- TOC entry 6106 (class 0 OID 0)
-- Dependencies: 250
-- Name: map_app_dondatphong_id_seq; Type: SEQUENCE SET; Schema: public; Owner: postgres
--

SELECT pg_catalog.setval('public.map_app_dondatphong_id_seq', 6, true);


--
-- TOC entry 6107 (class 0 OID 0)
-- Dependencies: 248
-- Name: map_app_phongtro_favorites_id_seq; Type: SEQUENCE SET; Schema: public; Owner: postgres
--

SELECT pg_catalog.setval('public.map_app_phongtro_favorites_id_seq', 6, true);


--
-- TOC entry 6108 (class 0 OID 0)
-- Dependencies: 244
-- Name: map_app_phongtro_id_seq; Type: SEQUENCE SET; Schema: public; Owner: postgres
--

SELECT pg_catalog.setval('public.map_app_phongtro_id_seq', 25, true);


--
-- TOC entry 6109 (class 0 OID 0)
-- Dependencies: 246
-- Name: map_app_tintuc_id_seq; Type: SEQUENCE SET; Schema: public; Owner: postgres
--

SELECT pg_catalog.setval('public.map_app_tintuc_id_seq', 8, true);


--
-- TOC entry 5850 (class 2606 OID 17656)
-- Name: auth_group auth_group_name_key; Type: CONSTRAINT; Schema: public; Owner: postgres
--

ALTER TABLE ONLY public.auth_group
    ADD CONSTRAINT auth_group_name_key UNIQUE (name);


--
-- TOC entry 5855 (class 2606 OID 17577)
-- Name: auth_group_permissions auth_group_permissions_group_id_permission_id_0cd325b0_uniq; Type: CONSTRAINT; Schema: public; Owner: postgres
--

ALTER TABLE ONLY public.auth_group_permissions
    ADD CONSTRAINT auth_group_permissions_group_id_permission_id_0cd325b0_uniq UNIQUE (group_id, permission_id);


--
-- TOC entry 5858 (class 2606 OID 17529)
-- Name: auth_group_permissions auth_group_permissions_pkey; Type: CONSTRAINT; Schema: public; Owner: postgres
--

ALTER TABLE ONLY public.auth_group_permissions
    ADD CONSTRAINT auth_group_permissions_pkey PRIMARY KEY (id);


--
-- TOC entry 5852 (class 2606 OID 17518)
-- Name: auth_group auth_group_pkey; Type: CONSTRAINT; Schema: public; Owner: postgres
--

ALTER TABLE ONLY public.auth_group
    ADD CONSTRAINT auth_group_pkey PRIMARY KEY (id);


--
-- TOC entry 5845 (class 2606 OID 17568)
-- Name: auth_permission auth_permission_content_type_id_codename_01ab375a_uniq; Type: CONSTRAINT; Schema: public; Owner: postgres
--

ALTER TABLE ONLY public.auth_permission
    ADD CONSTRAINT auth_permission_content_type_id_codename_01ab375a_uniq UNIQUE (content_type_id, codename);


--
-- TOC entry 5847 (class 2606 OID 17510)
-- Name: auth_permission auth_permission_pkey; Type: CONSTRAINT; Schema: public; Owner: postgres
--

ALTER TABLE ONLY public.auth_permission
    ADD CONSTRAINT auth_permission_pkey PRIMARY KEY (id);


--
-- TOC entry 5866 (class 2606 OID 17557)
-- Name: auth_user_groups auth_user_groups_pkey; Type: CONSTRAINT; Schema: public; Owner: postgres
--

ALTER TABLE ONLY public.auth_user_groups
    ADD CONSTRAINT auth_user_groups_pkey PRIMARY KEY (id);


--
-- TOC entry 5869 (class 2606 OID 17592)
-- Name: auth_user_groups auth_user_groups_user_id_group_id_94350c0c_uniq; Type: CONSTRAINT; Schema: public; Owner: postgres
--

ALTER TABLE ONLY public.auth_user_groups
    ADD CONSTRAINT auth_user_groups_user_id_group_id_94350c0c_uniq UNIQUE (user_id, group_id);


--
-- TOC entry 5860 (class 2606 OID 17546)
-- Name: auth_user auth_user_pkey; Type: CONSTRAINT; Schema: public; Owner: postgres
--

ALTER TABLE ONLY public.auth_user
    ADD CONSTRAINT auth_user_pkey PRIMARY KEY (id);


--
-- TOC entry 5872 (class 2606 OID 17566)
-- Name: auth_user_user_permissions auth_user_user_permissions_pkey; Type: CONSTRAINT; Schema: public; Owner: postgres
--

ALTER TABLE ONLY public.auth_user_user_permissions
    ADD CONSTRAINT auth_user_user_permissions_pkey PRIMARY KEY (id);


--
-- TOC entry 5875 (class 2606 OID 17606)
-- Name: auth_user_user_permissions auth_user_user_permissions_user_id_permission_id_14a6b632_uniq; Type: CONSTRAINT; Schema: public; Owner: postgres
--

ALTER TABLE ONLY public.auth_user_user_permissions
    ADD CONSTRAINT auth_user_user_permissions_user_id_permission_id_14a6b632_uniq UNIQUE (user_id, permission_id);


--
-- TOC entry 5863 (class 2606 OID 17649)
-- Name: auth_user auth_user_username_key; Type: CONSTRAINT; Schema: public; Owner: postgres
--

ALTER TABLE ONLY public.auth_user
    ADD CONSTRAINT auth_user_username_key UNIQUE (username);


--
-- TOC entry 5878 (class 2606 OID 17633)
-- Name: django_admin_log django_admin_log_pkey; Type: CONSTRAINT; Schema: public; Owner: postgres
--

ALTER TABLE ONLY public.django_admin_log
    ADD CONSTRAINT django_admin_log_pkey PRIMARY KEY (id);


--
-- TOC entry 5840 (class 2606 OID 17500)
-- Name: django_content_type django_content_type_app_label_model_76bd3d3b_uniq; Type: CONSTRAINT; Schema: public; Owner: postgres
--

ALTER TABLE ONLY public.django_content_type
    ADD CONSTRAINT django_content_type_app_label_model_76bd3d3b_uniq UNIQUE (app_label, model);


--
-- TOC entry 5842 (class 2606 OID 17498)
-- Name: django_content_type django_content_type_pkey; Type: CONSTRAINT; Schema: public; Owner: postgres
--

ALTER TABLE ONLY public.django_content_type
    ADD CONSTRAINT django_content_type_pkey PRIMARY KEY (id);


--
-- TOC entry 5838 (class 2606 OID 17488)
-- Name: django_migrations django_migrations_pkey; Type: CONSTRAINT; Schema: public; Owner: postgres
--

ALTER TABLE ONLY public.django_migrations
    ADD CONSTRAINT django_migrations_pkey PRIMARY KEY (id);


--
-- TOC entry 5882 (class 2606 OID 17669)
-- Name: django_session django_session_pkey; Type: CONSTRAINT; Schema: public; Owner: postgres
--

ALTER TABLE ONLY public.django_session
    ADD CONSTRAINT django_session_pkey PRIMARY KEY (session_key);


--
-- TOC entry 5898 (class 2606 OID 17768)
-- Name: map_app_dondatphong map_app_dondatphong_pkey; Type: CONSTRAINT; Schema: public; Owner: postgres
--

ALTER TABLE ONLY public.map_app_dondatphong
    ADD CONSTRAINT map_app_dondatphong_pkey PRIMARY KEY (id);


--
-- TOC entry 5891 (class 2606 OID 17716)
-- Name: map_app_phongtro_favorites map_app_phongtro_favorites_phongtro_id_user_id_9b067c43_uniq; Type: CONSTRAINT; Schema: public; Owner: postgres
--

ALTER TABLE ONLY public.map_app_phongtro_favorites
    ADD CONSTRAINT map_app_phongtro_favorites_phongtro_id_user_id_9b067c43_uniq UNIQUE (phongtro_id, user_id);


--
-- TOC entry 5893 (class 2606 OID 17714)
-- Name: map_app_phongtro_favorites map_app_phongtro_favorites_pkey; Type: CONSTRAINT; Schema: public; Owner: postgres
--

ALTER TABLE ONLY public.map_app_phongtro_favorites
    ADD CONSTRAINT map_app_phongtro_favorites_pkey PRIMARY KEY (id);


--
-- TOC entry 5886 (class 2606 OID 17686)
-- Name: map_app_phongtro map_app_phongtro_pkey; Type: CONSTRAINT; Schema: public; Owner: postgres
--

ALTER TABLE ONLY public.map_app_phongtro
    ADD CONSTRAINT map_app_phongtro_pkey PRIMARY KEY (id);


--
-- TOC entry 5888 (class 2606 OID 17705)
-- Name: map_app_tintuc map_app_tintuc_pkey; Type: CONSTRAINT; Schema: public; Owner: postgres
--

ALTER TABLE ONLY public.map_app_tintuc
    ADD CONSTRAINT map_app_tintuc_pkey PRIMARY KEY (id);


--
-- TOC entry 5848 (class 1259 OID 17657)
-- Name: auth_group_name_a6ea08ec_like; Type: INDEX; Schema: public; Owner: postgres
--

CREATE INDEX auth_group_name_a6ea08ec_like ON public.auth_group USING btree (name varchar_pattern_ops);


--
-- TOC entry 5853 (class 1259 OID 17588)
-- Name: auth_group_permissions_group_id_b120cbf9; Type: INDEX; Schema: public; Owner: postgres
--

CREATE INDEX auth_group_permissions_group_id_b120cbf9 ON public.auth_group_permissions USING btree (group_id);


--
-- TOC entry 5856 (class 1259 OID 17589)
-- Name: auth_group_permissions_permission_id_84c5c92e; Type: INDEX; Schema: public; Owner: postgres
--

CREATE INDEX auth_group_permissions_permission_id_84c5c92e ON public.auth_group_permissions USING btree (permission_id);


--
-- TOC entry 5843 (class 1259 OID 17574)
-- Name: auth_permission_content_type_id_2f476e4b; Type: INDEX; Schema: public; Owner: postgres
--

CREATE INDEX auth_permission_content_type_id_2f476e4b ON public.auth_permission USING btree (content_type_id);


--
-- TOC entry 5864 (class 1259 OID 17604)
-- Name: auth_user_groups_group_id_97559544; Type: INDEX; Schema: public; Owner: postgres
--

CREATE INDEX auth_user_groups_group_id_97559544 ON public.auth_user_groups USING btree (group_id);


--
-- TOC entry 5867 (class 1259 OID 17603)
-- Name: auth_user_groups_user_id_6a12ed8b; Type: INDEX; Schema: public; Owner: postgres
--

CREATE INDEX auth_user_groups_user_id_6a12ed8b ON public.auth_user_groups USING btree (user_id);


--
-- TOC entry 5870 (class 1259 OID 17618)
-- Name: auth_user_user_permissions_permission_id_1fbb5f2c; Type: INDEX; Schema: public; Owner: postgres
--

CREATE INDEX auth_user_user_permissions_permission_id_1fbb5f2c ON public.auth_user_user_permissions USING btree (permission_id);


--
-- TOC entry 5873 (class 1259 OID 17617)
-- Name: auth_user_user_permissions_user_id_a95ead1b; Type: INDEX; Schema: public; Owner: postgres
--

CREATE INDEX auth_user_user_permissions_user_id_a95ead1b ON public.auth_user_user_permissions USING btree (user_id);


--
-- TOC entry 5861 (class 1259 OID 17650)
-- Name: auth_user_username_6821ab7c_like; Type: INDEX; Schema: public; Owner: postgres
--

CREATE INDEX auth_user_username_6821ab7c_like ON public.auth_user USING btree (username varchar_pattern_ops);


--
-- TOC entry 5876 (class 1259 OID 17644)
-- Name: django_admin_log_content_type_id_c4bce8eb; Type: INDEX; Schema: public; Owner: postgres
--

CREATE INDEX django_admin_log_content_type_id_c4bce8eb ON public.django_admin_log USING btree (content_type_id);


--
-- TOC entry 5879 (class 1259 OID 17645)
-- Name: django_admin_log_user_id_c564eba6; Type: INDEX; Schema: public; Owner: postgres
--

CREATE INDEX django_admin_log_user_id_c564eba6 ON public.django_admin_log USING btree (user_id);


--
-- TOC entry 5880 (class 1259 OID 17671)
-- Name: django_session_expire_date_a5c62663; Type: INDEX; Schema: public; Owner: postgres
--

CREATE INDEX django_session_expire_date_a5c62663 ON public.django_session USING btree (expire_date);


--
-- TOC entry 5883 (class 1259 OID 17670)
-- Name: django_session_session_key_c0390e0f_like; Type: INDEX; Schema: public; Owner: postgres
--

CREATE INDEX django_session_session_key_c0390e0f_like ON public.django_session USING btree (session_key varchar_pattern_ops);


--
-- TOC entry 5895 (class 1259 OID 17779)
-- Name: map_app_dondatphong_nguoi_thue_id_fc6a0b6b; Type: INDEX; Schema: public; Owner: postgres
--

CREATE INDEX map_app_dondatphong_nguoi_thue_id_fc6a0b6b ON public.map_app_dondatphong USING btree (nguoi_thue_id);


--
-- TOC entry 5896 (class 1259 OID 17780)
-- Name: map_app_dondatphong_phong_id_142042e9; Type: INDEX; Schema: public; Owner: postgres
--

CREATE INDEX map_app_dondatphong_phong_id_142042e9 ON public.map_app_dondatphong USING btree (phong_id);


--
-- TOC entry 5889 (class 1259 OID 17727)
-- Name: map_app_phongtro_favorites_phongtro_id_0854b3eb; Type: INDEX; Schema: public; Owner: postgres
--

CREATE INDEX map_app_phongtro_favorites_phongtro_id_0854b3eb ON public.map_app_phongtro_favorites USING btree (phongtro_id);


--
-- TOC entry 5894 (class 1259 OID 17728)
-- Name: map_app_phongtro_favorites_user_id_c28b3fd5; Type: INDEX; Schema: public; Owner: postgres
--

CREATE INDEX map_app_phongtro_favorites_user_id_c28b3fd5 ON public.map_app_phongtro_favorites USING btree (user_id);


--
-- TOC entry 5884 (class 1259 OID 17687)
-- Name: map_app_phongtro_location_2bf61689_id; Type: INDEX; Schema: public; Owner: postgres
--

CREATE INDEX map_app_phongtro_location_2bf61689_id ON public.map_app_phongtro USING gist (location);


--
-- TOC entry 5900 (class 2606 OID 17583)
-- Name: auth_group_permissions auth_group_permissio_permission_id_84c5c92e_fk_auth_perm; Type: FK CONSTRAINT; Schema: public; Owner: postgres
--

ALTER TABLE ONLY public.auth_group_permissions
    ADD CONSTRAINT auth_group_permissio_permission_id_84c5c92e_fk_auth_perm FOREIGN KEY (permission_id) REFERENCES public.auth_permission(id) DEFERRABLE INITIALLY DEFERRED;


--
-- TOC entry 5901 (class 2606 OID 17578)
-- Name: auth_group_permissions auth_group_permissions_group_id_b120cbf9_fk_auth_group_id; Type: FK CONSTRAINT; Schema: public; Owner: postgres
--

ALTER TABLE ONLY public.auth_group_permissions
    ADD CONSTRAINT auth_group_permissions_group_id_b120cbf9_fk_auth_group_id FOREIGN KEY (group_id) REFERENCES public.auth_group(id) DEFERRABLE INITIALLY DEFERRED;


--
-- TOC entry 5899 (class 2606 OID 17569)
-- Name: auth_permission auth_permission_content_type_id_2f476e4b_fk_django_co; Type: FK CONSTRAINT; Schema: public; Owner: postgres
--

ALTER TABLE ONLY public.auth_permission
    ADD CONSTRAINT auth_permission_content_type_id_2f476e4b_fk_django_co FOREIGN KEY (content_type_id) REFERENCES public.django_content_type(id) DEFERRABLE INITIALLY DEFERRED;


--
-- TOC entry 5902 (class 2606 OID 17598)
-- Name: auth_user_groups auth_user_groups_group_id_97559544_fk_auth_group_id; Type: FK CONSTRAINT; Schema: public; Owner: postgres
--

ALTER TABLE ONLY public.auth_user_groups
    ADD CONSTRAINT auth_user_groups_group_id_97559544_fk_auth_group_id FOREIGN KEY (group_id) REFERENCES public.auth_group(id) DEFERRABLE INITIALLY DEFERRED;


--
-- TOC entry 5903 (class 2606 OID 17593)
-- Name: auth_user_groups auth_user_groups_user_id_6a12ed8b_fk_auth_user_id; Type: FK CONSTRAINT; Schema: public; Owner: postgres
--

ALTER TABLE ONLY public.auth_user_groups
    ADD CONSTRAINT auth_user_groups_user_id_6a12ed8b_fk_auth_user_id FOREIGN KEY (user_id) REFERENCES public.auth_user(id) DEFERRABLE INITIALLY DEFERRED;


--
-- TOC entry 5904 (class 2606 OID 17612)
-- Name: auth_user_user_permissions auth_user_user_permi_permission_id_1fbb5f2c_fk_auth_perm; Type: FK CONSTRAINT; Schema: public; Owner: postgres
--

ALTER TABLE ONLY public.auth_user_user_permissions
    ADD CONSTRAINT auth_user_user_permi_permission_id_1fbb5f2c_fk_auth_perm FOREIGN KEY (permission_id) REFERENCES public.auth_permission(id) DEFERRABLE INITIALLY DEFERRED;


--
-- TOC entry 5905 (class 2606 OID 17607)
-- Name: auth_user_user_permissions auth_user_user_permissions_user_id_a95ead1b_fk_auth_user_id; Type: FK CONSTRAINT; Schema: public; Owner: postgres
--

ALTER TABLE ONLY public.auth_user_user_permissions
    ADD CONSTRAINT auth_user_user_permissions_user_id_a95ead1b_fk_auth_user_id FOREIGN KEY (user_id) REFERENCES public.auth_user(id) DEFERRABLE INITIALLY DEFERRED;


--
-- TOC entry 5906 (class 2606 OID 17634)
-- Name: django_admin_log django_admin_log_content_type_id_c4bce8eb_fk_django_co; Type: FK CONSTRAINT; Schema: public; Owner: postgres
--

ALTER TABLE ONLY public.django_admin_log
    ADD CONSTRAINT django_admin_log_content_type_id_c4bce8eb_fk_django_co FOREIGN KEY (content_type_id) REFERENCES public.django_content_type(id) DEFERRABLE INITIALLY DEFERRED;


--
-- TOC entry 5907 (class 2606 OID 17639)
-- Name: django_admin_log django_admin_log_user_id_c564eba6_fk_auth_user_id; Type: FK CONSTRAINT; Schema: public; Owner: postgres
--

ALTER TABLE ONLY public.django_admin_log
    ADD CONSTRAINT django_admin_log_user_id_c564eba6_fk_auth_user_id FOREIGN KEY (user_id) REFERENCES public.auth_user(id) DEFERRABLE INITIALLY DEFERRED;


--
-- TOC entry 5910 (class 2606 OID 17769)
-- Name: map_app_dondatphong map_app_dondatphong_nguoi_thue_id_fc6a0b6b_fk_auth_user_id; Type: FK CONSTRAINT; Schema: public; Owner: postgres
--

ALTER TABLE ONLY public.map_app_dondatphong
    ADD CONSTRAINT map_app_dondatphong_nguoi_thue_id_fc6a0b6b_fk_auth_user_id FOREIGN KEY (nguoi_thue_id) REFERENCES public.auth_user(id) DEFERRABLE INITIALLY DEFERRED;


--
-- TOC entry 5911 (class 2606 OID 17774)
-- Name: map_app_dondatphong map_app_dondatphong_phong_id_142042e9_fk_map_app_phongtro_id; Type: FK CONSTRAINT; Schema: public; Owner: postgres
--

ALTER TABLE ONLY public.map_app_dondatphong
    ADD CONSTRAINT map_app_dondatphong_phong_id_142042e9_fk_map_app_phongtro_id FOREIGN KEY (phong_id) REFERENCES public.map_app_phongtro(id) DEFERRABLE INITIALLY DEFERRED;


--
-- TOC entry 5908 (class 2606 OID 17717)
-- Name: map_app_phongtro_favorites map_app_phongtro_fav_phongtro_id_0854b3eb_fk_map_app_p; Type: FK CONSTRAINT; Schema: public; Owner: postgres
--

ALTER TABLE ONLY public.map_app_phongtro_favorites
    ADD CONSTRAINT map_app_phongtro_fav_phongtro_id_0854b3eb_fk_map_app_p FOREIGN KEY (phongtro_id) REFERENCES public.map_app_phongtro(id) DEFERRABLE INITIALLY DEFERRED;


--
-- TOC entry 5909 (class 2606 OID 17722)
-- Name: map_app_phongtro_favorites map_app_phongtro_favorites_user_id_c28b3fd5_fk_auth_user_id; Type: FK CONSTRAINT; Schema: public; Owner: postgres
--

ALTER TABLE ONLY public.map_app_phongtro_favorites
    ADD CONSTRAINT map_app_phongtro_favorites_user_id_c28b3fd5_fk_auth_user_id FOREIGN KEY (user_id) REFERENCES public.auth_user(id) DEFERRABLE INITIALLY DEFERRED;


-- Completed on 2026-02-05 23:08:33

--
-- PostgreSQL database dump complete
--

\unrestrict a347TiK7J5Q7EEaQgU8Ejs8GnSO5dLZw7hc1W7LDsgUZFsFdonZlaJaJH8HQBhm

